<install version="1.5.3" type="plugin" group="editors" method="upgrade">
	<name>Editor - CKEditorwfs</name>
	<version>3.4</version>
	<creationDate>June 2010</creationDate>
	<author>CKSource</author>
	<authorurl>http://cksource.com</authorurl>
	<license>GPL</license>
	<description>CKEditor is a text editor to be used inside web pages. It's a WYSIWYG editor, which means that the text being edited on it looks as similar as possible to the results users have when publishing it. It brings to the web common editing features found on desktop editing applications like Microsoft Word and OpenOffice.</description>
	<files>
		<filename plugin="ckeditorwfs">ckeditorwfs.php</filename>
		<folder>ckeditorwfs</folder>
	</files>
	<params>
		<param type="spacer" default="EDITOR PARAMS DESC"></param>
	</params>    
	
</install> 